accuracy,precision,recall,f1,roc_auc
0.9102356120673157,0.9233156606638732,0.9444941175214587,0.9337848214497756,0.9684264558146929
0.9099770790909977,0.9229400028688044,0.9445274060076627,0.9336089322542414,0.9682953223130282
0.9110582877911059,0.9230834331545232,0.9461142012213349,0.9344569337754979,0.968771521042804
0.9105843087910584,0.923038035377383,0.9453975744117521,0.9340840167717096,0.9686332917162548
0.910439432191044,0.9234080408643499,0.944714310116582,0.9339396745863067,0.9685230594845078
