{
  "accuracy": 0.9108268907995897,
  "precision": 0.9238283431508558,
  "recall": 0.9448370841696203,
  "f1_score": 0.9342146167572986,
  "auc_score": 0.9687145829436532,
  "confidence_intervals": {
    "auc": [
      0.9684659004783822,
      0.9689392227686916
    ],
    "accuracy": [
      0.9103431820750897,
      0.9112805868321908
    ],
    "precision": [
      0.9232850882894214,
      0.9243455526856588
    ],
    "recall": [
      0.9443936930637903,
      0.9453326038128084
    ],
    "f1": [
      0.9338383711716406,
      0.9345531903357954
    ]
  }
}